timestamp,temperature,pressure,ph,flow_rate
2025-08-01 23:30:37.154417,74.38787734569581,2.459804390361486,7.157910856074867,15.43088564059773
2025-08-02 00:30:37.154417,76.25360758734915,2.7586070615691973,7.175236668288623,14.240741755922217
2025-08-02 01:30:37.154417,75.57400929564142,2.526129584620276,7.219626084213077,15.5695125379616
2025-08-02 01:49:10.790655,76.1601110482403,2.532712322382995,7.354295640667174,15.05255995897295
2025-08-02 02:04:10.790655,75.14617953896054,2.4600121828754595,7.229544069429154,14.001810899002775
2025-08-02 02:19:10.790655,75.21978023686884,2.378183833104292,7.451562835097963,14.785266470791129
2025-08-02 02:30:37.154417,76.04285709525308,2.355093118816618,7.550856823810956,14.957019579214748
2025-08-02 02:34:10.790655,74.30602229098906,2.457428171112939,6.863289508002665,15.329752723866994
2025-08-02 02:49:10.790655,76.93259954719434,2.538470159795508,7.175383543782896,15.13665699510489
2025-08-02 03:04:10.790655,75.09891520017314,2.5225765532979953,6.803867356446643,14.224577718803868
2025-08-02 03:19:10.790655,77.88165092603235,2.259252173102155,7.204142327184824,14.531544020567935
2025-08-02 03:30:37.154417,75.02798818126513,2.399255061899875,7.3907716634041245,15.721526707029806
2025-08-02 03:34:10.790655,76.37474310551606,2.5899327119425766,7.091275499076841,15.642903876245382
2025-08-02 03:49:10.790655,75.22842014206441,2.5858294272888234,6.714458607280396,15.794945033772876
2025-08-02 04:04:10.790655,76.55110672003208,2.4010284388995444,7.163123323777431,14.482130288680821
2025-08-02 04:19:10.790655,78.25775662655897,2.298010509932512,7.126821361914938,15.091008526410896
2025-08-02 04:30:37.154417,75.87250289243379,2.540406139669791,7.355036067898883,14.92091422602198
2025-08-02 04:34:10.790655,75.29016158845143,2.3580706397080227,6.728855221148456,15.713350213351415
2025-08-02 04:49:10.790655,77.98598915516142,2.340831514599582,7.555902847133433,14.539547277560906
2025-08-02 05:04:10.790655,77.70423820332813,2.554682481529554,7.449584386180788,15.07861096963841
2025-08-02 05:19:10.790655,78.46394711415341,2.444226228863949,6.994038894612288,14.577625718577876
2025-08-02 05:30:37.154417,75.78009293638712,2.4469257061068213,7.049030662971246,14.34202972347276
2025-08-02 05:34:10.790655,75.4697520000306,2.517009022233872,7.135842867016662,14.942880725389543
2025-08-02 05:49:10.790655,77.18345644228016,2.5430161430904312,7.061783832240606,15.429904150481432
2025-08-02 06:04:10.790655,76.23774972563567,2.540181364987212,7.0406420751443015,15.868796732235698
2025-08-02 06:19:10.790655,78.71278431602289,2.585199727896188,7.6904908870661455,14.99806806075048
2025-08-02 06:30:37.154417,80.16357879842485,2.475886603727354,6.791084539483984,15.239342822666588
2025-08-02 06:34:10.790655,76.74534043432668,2.3565230671688293,7.50824027200893,14.659899877229588
2025-08-02 06:49:10.790655,77.2222085275868,2.5680208226347387,7.755241910372915,14.613024114442213
2025-08-02 07:04:10.790655,79.48416229578031,2.5315741574025354,7.202552755136642,15.048998601449597
2025-08-02 07:19:10.790655,79.16336630723484,2.429349778490182,7.390142814651063,15.65146409074826
2025-08-02 07:30:37.154417,77.35485863746892,2.4571977136473175,7.281907692001048,15.098022820286763
2025-08-02 07:34:10.790655,79.02226610367295,2.6876498730700016,6.932486404486935,15.193123209993246
2025-08-02 07:49:10.790655,80.18178059828453,2.521957097730823,7.398225637747562,15.2276611221439
2025-08-02 08:04:10.790655,78.52125342000919,2.557893358020564,6.802218422921873,15.193639341720376
2025-08-02 08:19:10.790655,80.36668395099086,2.656807850476024,7.391361040726795,14.631988798781032
2025-08-02 08:30:37.154417,79.01896365508216,2.486536043443486,7.198206344604832,13.835624607629079
2025-08-02 08:34:10.790655,80.07110681520446,2.4084707803890577,7.480466301813021,14.827918274084984
2025-08-02 08:49:10.790655,80.163736870564,2.4485070229094648,7.437996010090419,14.883180072318384
2025-08-02 09:04:10.790655,79.55741839561621,2.395380710385315,7.31411705038138,15.13024339566786
2025-08-02 09:19:10.790655,78.21415664064924,2.4860642777928574,7.220094344669146,15.39294455353356
2025-08-02 09:30:37.154417,78.01909740202281,2.2818729757981795,7.0517049715167675,15.288125519829551
2025-08-02 09:34:10.790655,79.8725957583626,2.4442876334305113,7.561815763354494,14.27135094218331
2025-08-02 09:49:10.790655,78.51595533267985,2.477961462178384,7.426069819394827,14.648085259853062
2025-08-02 10:04:10.790655,78.94052611165253,2.4699042266762516,6.8717506577501934,14.297335189413653
2025-08-02 10:19:10.790655,80.66409691259544,2.5055657611818365,7.062592522772318,15.999371199942528
2025-08-02 10:30:37.154417,78.64759025234018,2.2701823498279454,7.2041882520895495,14.512047547867885
2025-08-02 10:34:10.790655,79.12148869778572,2.352097430383137,7.239137364658853,14.677197201076114
2025-08-02 10:49:10.790655,81.12666505349225,2.3249155404673174,7.564180599077291,14.988784316752112
2025-08-02 11:04:10.790655,79.04772968822783,2.6280763898103388,7.161544580607631,14.938745153379676
2025-08-02 11:19:10.790655,80.71263387704546,2.3025395125445542,7.388914099382616,15.26260253219893
2025-08-02 11:30:37.154417,77.87923201641472,2.3901294817277825,7.472418557404911,14.798064345246532
2025-08-02 11:34:10.790655,80.97474377304978,2.4536473374135284,7.224549242129318,14.994414646279626
2025-08-02 11:49:10.790655,80.62431835986416,2.5471835966388094,6.822816504376531,15.078906251411096
2025-08-02 12:04:10.790655,80.37162450646441,2.3737711267171058,6.718830237379271,15.846989517142287
2025-08-02 12:19:10.790655,80.48688036333904,2.530706566067743,7.230544699696338,15.479827796700356
2025-08-02 12:30:37.154417,78.94138193271324,2.647191139998668,6.737239256878887,14.331860104011081
2025-08-02 12:34:10.790655,79.81742642224872,2.518991092368344,7.099113524216869,14.737190837857213
2025-08-02 12:49:10.790655,81.13866535775418,2.4352729137224083,7.379171025468296,15.329914426335378
2025-08-02 13:04:10.790655,79.12251030971882,2.4821732603087123,7.127754858486617,14.466393802101043
2025-08-02 13:19:10.790655,79.52755123141841,2.3417710942318557,7.0201700357378645,14.522414294012027
2025-08-02 13:30:37.154417,78.59357472818341,2.5584943968149068,7.3405264303902475,13.736609102922332
2025-08-02 13:34:10.790655,79.8546674259828,2.521437352993778,7.1160890710858,14.46821806049012
2025-08-02 13:49:10.790655,80.52328802608514,2.2511573806701843,7.083434474996423,14.397848055793466
2025-08-02 14:04:10.790655,80.79319769895204,2.646430681102302,7.011725129918085,15.793095569171891
2025-08-02 14:19:10.790655,80.59947833899224,2.3981557978466443,7.082504755364396,14.318926085624943
2025-08-02 14:30:37.154417,80.70145884303837,2.5474201403336485,7.2537443401888755,14.972848501033488
2025-08-02 14:34:10.790655,80.20712423056366,2.335868656321844,7.3963503522588265,14.829011937855634
2025-08-02 14:49:10.790655,80.73089033840769,2.529104392854422,7.184978586370669,15.601759081109217
2025-08-02 15:04:10.790655,78.9111035566358,2.3854741720905976,7.354408436272885,14.757175431251806
2025-08-02 15:19:10.790655,78.72158110222644,2.54957869215484,7.186220237499004,14.588233155222584
2025-08-02 15:30:37.154417,79.3380613386683,2.5116410631633976,7.157277953384548,15.925807124239208
2025-08-02 15:34:10.790655,79.69337576587522,2.528410813553656,7.431917172202917,14.757184718690374
2025-08-02 15:49:10.790655,80.62609601626845,2.522111004899348,7.0369124961565825,14.146230668956015
2025-08-02 16:04:10.790655,79.65087712116987,2.3742012895128957,7.224535001161465,14.440488241905431
2025-08-02 16:19:10.790655,79.60365788119486,2.355635055044857,7.134137026287776,15.020151819312595
2025-08-02 16:30:37.154417,78.76770229944069,2.41689100819724,7.130669397897151,14.860720978229798
2025-08-02 16:34:10.790655,78.47346500619292,2.5002191883702034,6.765195755427073,15.459442542316065
2025-08-02 16:49:10.790655,80.68201326825694,2.5431236090812663,7.587726000925404,15.4481509322979
2025-08-02 17:04:10.790655,79.44618432228918,2.299042409612169,6.9332950483371425,14.893695881179237
2025-08-02 17:19:10.790655,77.88817848685714,2.635744235242229,7.038542622909328,14.379629768462054
2025-08-02 17:30:37.154417,80.88361723445972,2.55508668412507,7.0050994496325485,14.894341857089513
2025-08-02 17:34:10.790655,77.86739957817207,2.394005303022031,7.1620197052512795,15.962893403487447
2025-08-02 17:49:10.790655,79.3040580175316,2.4337464013322485,7.4264690834939024,14.306894079659864
2025-08-02 18:04:10.790655,76.61678953155904,2.5061353426401647,7.086283421578847,15.186001960196338
2025-08-02 18:19:10.790655,78.81147549921171,2.530459487846825,7.201143095084305,16.36889519349098
2025-08-02 18:30:37.154417,79.51629402389617,2.5434660424236237,6.9678285761182455,14.695925769116196
2025-08-02 18:34:10.790655,77.8699595532962,2.495558871863554,7.142092055256587,13.963763587723207
2025-08-02 18:49:10.790655,77.75690552028142,2.497172371901128,7.459974031102318,14.66347528481004
2025-08-02 19:04:10.790655,78.16583858689295,2.5189879203760155,7.427842370318965,15.724913319188708
2025-08-02 19:19:10.790655,77.31270339452952,2.553619267460153,7.3691877344036385,14.724538050481843
2025-08-02 19:30:37.154417,80.09641710628715,2.3335791880385544,7.276778093655652,15.794025365569546
2025-08-02 19:34:10.790655,78.10595896561144,2.4207490428547005,7.3560218032525615,15.10614984980899
2025-08-02 19:49:10.790655,76.49275926015817,2.4027196401007824,7.462789631220714,14.361682348366223
2025-08-02 20:04:10.790655,76.51788677290557,2.643811034888527,6.924753054034853,13.937182613768323
2025-08-02 20:19:10.790655,76.92153862042578,2.637878464909235,7.266445022690526,15.132875109912208
2025-08-02 20:30:37.154417,81.13945880773424,2.4352355240030055,7.2536310335985865,15.544669765884622
2025-08-02 20:34:10.790655,75.01727707880652,2.3305391701493927,7.551326771427574,15.89456011974919
2025-08-02 20:49:10.790655,75.55760513629512,2.374308401112413,7.1478745541883955,15.605632307848888
2025-08-02 21:04:10.790655,77.70324584411115,2.665393884931289,7.448838455507998,15.196605351221782
2025-08-02 21:19:10.790655,76.07200596630965,2.668675512223703,6.965837265470509,15.166100718920312
2025-08-02 21:30:37.154417,80.23335920576565,2.408030100132531,7.2071401245565205,15.137162070473357
2025-08-02 21:34:10.790655,74.74009033538886,2.6694941394950136,7.590222601654651,14.995594176343308
2025-08-02 21:49:10.790655,74.63111443148601,2.6379912971919985,7.343731436904641,15.180503134396112
2025-08-02 22:04:10.790655,75.72748440368098,2.7958490036842836,7.0098292831262325,15.636749538727472
2025-08-02 22:19:10.790655,74.08959184237624,2.5073929553885,7.3606804792481215,15.180343175602914
2025-08-02 22:30:37.154417,77.94626538220571,2.3452958220578077,7.272287752125174,15.257260864199473
2025-08-02 22:34:10.790655,77.35408955051071,2.4401643613893644,7.207151369015337,14.702173739435182
2025-08-02 22:49:10.790655,74.86326400260485,2.589301397746694,7.3227444966810245,14.904259940204915
2025-08-02 23:04:10.790655,75.18377591470441,2.4332493669779844,7.230286999303634,16.020246443526464
2025-08-02 23:19:10.790655,74.40091154037182,2.341291397733981,7.190463056149295,15.049834947143545
2025-08-02 23:30:37.154417,80.38660498253864,2.439483266606567,7.098267931020132,15.472802129229217
2025-08-02 23:34:10.790655,73.72560902270853,2.5385919590498727,7.357476428524641,14.705342670283484
2025-08-02 23:49:10.790655,75.01019003361154,2.532530137403054,7.303656933239012,15.076774012219921
2025-08-03 00:04:10.790655,74.90024758438763,2.476721414218549,7.365030179835366,15.568491051898866
2025-08-03 00:19:10.790655,75.40479017858036,2.6260941927118613,6.999956873044245,14.660226835978007
2025-08-03 00:30:37.154417,80.66051927702189,2.381053953268081,7.2745077630925445,15.055055400328866
2025-08-03 00:34:10.790655,74.3035131089937,2.538488347359964,7.049815374604731,14.523680926829398
2025-08-03 00:49:10.790655,72.07491337315062,2.5727596412213147,7.3053254570204995,14.875495084876915
2025-08-03 01:04:10.790655,72.78856967602066,2.1539957507863194,7.016232634066766,15.877332337212819
2025-08-03 01:19:10.790655,73.12781915033736,2.496832064416347,7.475882584163587,13.58713097222103
2025-08-03 01:30:37.154417,79.52265947435642,2.4255526499941227,7.411723475243425,15.200735967090006
2025-08-03 01:34:10.790655,74.6475937537325,2.424474866390462,7.2803705891353365,13.47797202466619
2025-08-03 01:49:10.790655,73.30777728371376,2.423009490778026,7.918154137610333,15.576698237811154
2025-08-03 02:04:10.790655,74.25965553041021,2.58146625657026,7.4331508018553665,14.500521403685651
2025-08-03 02:19:10.790655,71.62612580184387,2.5818593750157754,7.185910499788118,14.95949254920376
2025-08-03 02:30:37.154417,79.35913587436093,2.4922562441691416,7.265707385014682,15.213770685837327
2025-08-03 02:34:10.790655,72.41593945635282,2.61957819539236,7.137768463664033,15.508016490570398
2025-08-03 02:49:10.790655,70.8868689663853,2.4199457333611862,7.3849990863166735,14.238258724884844
2025-08-03 03:04:10.790655,73.33592836440565,2.4530623525434736,7.197755783303646,14.873573111159446
2025-08-03 03:19:10.790655,72.60769215189771,2.4324751366630633,7.327159191085438,14.61604795945343
2025-08-03 03:30:37.154417,80.1892947303922,2.4413965715921306,7.153180570251636,15.177782833007575
2025-08-03 03:34:10.790655,72.48189721424626,2.3884228658964965,7.568268995334616,15.019583040289618
2025-08-03 03:49:10.790655,71.2330691919191,2.585095541639587,6.800867112239777,14.036008760041772
2025-08-03 04:04:10.790655,72.97033449480136,2.5388463765863563,7.368931448476509,15.023892613806538
2025-08-03 04:19:10.790655,72.57192529664462,2.4437472082888188,7.4139367455618475,14.548404661649114
2025-08-03 04:30:37.154417,79.06047268443433,2.2999252787162234,7.1733484434061525,15.317940079343332
2025-08-03 04:34:10.790655,72.42919808463164,2.38569765776736,7.50398064111685,15.42317941321532
2025-08-03 04:49:10.790655,72.99837573934929,2.5004742721232565,7.55498889290421,15.462805065508471
2025-08-03 05:04:10.790655,71.12993456385675,2.6334002583164553,7.185392498904754,15.85705139203868
2025-08-03 05:19:10.790655,69.92118934696553,2.2538064939362457,7.381325255138357,15.521068535955964
2025-08-03 05:30:37.154417,78.47858028006385,2.4547036157507374,7.295457581607011,15.028288043801107
2025-08-03 05:34:10.790655,71.55041564889136,2.536993081410325,7.105834300262214,15.327365202268052
2025-08-03 05:49:10.790655,71.9712481845818,2.3723313919301052,7.452225266680739,14.75645936131939
2025-08-03 06:04:10.790655,69.9875982831826,2.463755015101503,7.096345765755859,15.660640225166718
2025-08-03 06:19:10.790655,71.23304946899695,2.4661243941201363,7.325869846607477,14.054278657438003
2025-08-03 06:30:37.154417,79.50236919361377,2.6164530861139226,7.858234646706524,14.739793402291493
2025-08-03 06:34:10.790655,71.08355184874674,2.472689967078959,7.362670445346901,14.851881824399218
2025-08-03 06:49:10.790655,71.70952305221475,2.5206090883792243,7.191364686360955,13.946294232975344
2025-08-03 07:04:10.790655,70.07668286648122,2.4995200341521766,7.197115427213466,14.781402885922853
2025-08-03 07:19:10.790655,69.71760645179279,2.4653467051544182,7.373169063565355,14.609470104987032
2025-08-03 07:30:37.154417,79.26084787588564,2.587804954571612,7.1211166997960325,15.001009583037812
2025-08-03 07:34:10.790655,70.74946032078743,2.5480298336728437,7.1296182327916195,14.60585002546985
2025-08-03 07:49:10.790655,69.92258382722261,2.5664030321916673,7.287417261358945,14.621759987939557
2025-08-03 08:04:10.790655,69.20468214074597,2.5229587716293436,7.256192948343371,14.624301630968128
2025-08-03 08:19:10.790655,67.4926064131616,2.348027388965335,7.075821834479192,15.359607284324758
2025-08-03 08:30:37.154417,78.4285118382622,2.4535479513712746,7.102745393905876,15.202406460174101
2025-08-03 08:34:10.790655,70.53929620637868,2.491198296395625,7.014308177505104,14.2597712258912
2025-08-03 08:49:10.790655,71.59279387973652,2.390193443710352,7.185159460504143,16.81432374452613
2025-08-03 09:04:10.790655,68.87875180702706,2.591189404380976,7.194182707091779,15.674586068744649
2025-08-03 09:19:10.790655,70.04101354408826,2.484451215514596,6.987765159222863,15.187288797256082
2025-08-03 09:30:37.154417,77.9818094708997,2.4470841018059337,7.065089029950516,14.873455314547861
2025-08-03 09:34:10.790655,70.67440014981315,2.501980424732616,7.280610715578619,14.270557973522825
2025-08-03 09:49:10.790655,69.52459011293686,2.6089188965437042,6.978643596568498,15.197748471971227
2025-08-03 10:04:10.790655,69.08061806435127,2.2693799913346018,6.891980794714461,14.525526662876278
2025-08-03 10:19:10.790655,69.65034989494222,2.5085420895045822,7.233908524495468,14.023126365804368
2025-08-03 10:30:37.154417,78.47977706720988,2.5068415726329065,7.292541524000223,15.30564370045322
2025-08-03 10:34:10.790655,71.10842981620644,2.5214247606511395,7.074991069351883,15.155683270772625
2025-08-03 10:49:10.790655,71.30099348865262,2.4822108770411955,7.312194006649431,15.109705719117462
2025-08-03 11:04:10.790655,69.15441899496734,2.444940842046386,7.272443695670366,15.86293218686786
2025-08-03 11:19:10.790655,69.85626619470212,2.6466029234417725,7.031894660637505,15.396158376008813
2025-08-03 11:30:37.154417,78.4152675690416,2.529010772201249,6.9218675409785835,14.89742422923428
2025-08-03 11:34:10.790655,70.01110951494971,2.480155197677301,6.972941459008592,15.045558818290598
2025-08-03 11:49:10.790655,71.10786786215603,2.5312896501648647,6.87141115302127,15.341878144756398
2025-08-03 12:04:10.790655,70.62488633685898,2.551634407175356,7.326661734676583,16.028837777198746
2025-08-03 12:19:10.790655,71.50987946444211,2.487163558631112,7.207277937105298,15.959108751614059
2025-08-03 12:30:37.154417,76.64752710810183,2.522590495343439,7.507266596754748,15.662192915803706
2025-08-03 12:34:10.790655,69.27256977936716,2.4672691909943363,7.320958567858434,15.11781852367936
2025-08-03 12:49:10.790655,70.3829361489655,2.5641339860863557,7.268623645682286,15.17395594885536
2025-08-03 13:04:10.790655,69.667595992205,2.489857476623583,7.080986389245,14.995300627450767
2025-08-03 13:19:10.790655,69.62440561773067,2.561597464886153,7.441438819017509,15.140444251549107
2025-08-03 13:30:37.154417,77.1473067403924,2.5215920714429667,7.259356704658556,14.530681506809255
2025-08-03 13:34:10.790655,71.24125035972273,2.569441815872772,7.08845529668796,14.106031364218387
2025-08-03 13:49:10.790655,71.30711356819502,2.193847246082635,7.337776906334768,13.961520411453051
2025-08-03 14:04:10.790655,70.10396739871702,2.604594902105777,7.212027987877469,15.189169978889439
2025-08-03 14:19:10.790655,71.51950304841121,2.565120446550739,6.884104311274894,15.731279578885959
2025-08-03 14:30:37.154417,74.5443484951661,2.4530883802351657,7.501005497742833,14.467710325299908
2025-08-03 14:34:10.790655,72.49144460341246,2.3990267534804035,7.424858996463305,15.141248550610355
2025-08-03 14:49:10.790655,71.84272853034985,2.5109709332529575,7.393106317166066,14.756680615947735
2025-08-03 15:04:10.790655,71.37623621095926,2.5387061380574205,7.025282466495006,15.874512693829505
2025-08-03 15:19:10.790655,71.77018802245277,2.5186968757468864,7.186159565347868,14.131902876490033
2025-08-03 15:30:37.154417,74.92991998988315,2.547198941611707,6.694798491508908,14.507934494047756
2025-08-03 15:34:10.790655,71.42711160383695,2.4626909606895517,7.1237166486358054,15.07369295362316
2025-08-03 15:49:10.790655,70.28401387886164,2.426422683769257,7.118689849478448,14.836434981235021
2025-08-03 16:04:10.790655,71.71577332466748,2.4295366840972172,7.270304317812856,15.262945128128703
2025-08-03 16:19:10.790655,72.48541561697425,2.4144521056535346,7.340331734993827,15.841857207045956
2025-08-03 16:30:37.154417,75.15322783322753,2.78426042861961,7.177164322991336,14.044961351112994
2025-08-03 16:34:10.790655,73.31666220378077,2.6355144836644597,7.115268433349879,15.412170871849177
2025-08-03 16:49:10.790655,71.55130397145729,2.582021942948595,7.171675248392617,15.09920867353234
2025-08-03 17:04:10.790655,73.69517471977053,2.560241246678309,7.342455469460393,14.474038652145577
2025-08-03 17:19:10.790655,73.33308852695222,2.438619671665996,7.129965354679486,14.105234019700404
2025-08-03 17:30:37.154417,75.60781252572387,2.6189358767264426,7.51957610418527,15.123008407677764
2025-08-03 17:34:10.790655,72.92257419536968,2.4852548329212816,6.985483299702013,14.921132351967781
2025-08-03 17:49:10.790655,74.28752914840823,2.497312761619387,7.251886912530079,15.13566317315551
2025-08-03 18:04:10.790655,72.82289547753135,2.540764445817246,7.3363527563719595,15.100365404829247
2025-08-03 18:19:10.790655,73.61960780036355,2.3586715930433257,7.739926018814805,15.16856748503214
2025-08-03 18:30:37.154417,73.83467328130688,2.686251504281547,7.137881131359337,14.67624695935533
2025-08-03 18:34:10.790655,72.78596281127246,2.525922143232067,7.1095756413807365,14.875868570580522
2025-08-03 18:49:10.790655,76.19690001909198,2.4340160777679416,7.240149506499449,15.62804301311129
2025-08-03 19:04:10.790655,73.52029780256844,2.4399009452800593,6.857476513828077,14.778206357748427
2025-08-03 19:19:10.790655,74.42127759382413,2.558604859463954,7.221368986478108,15.178578303084349
2025-08-03 19:30:37.154417,72.97505157912094,2.516219752553352,6.979984983134546,15.068902244797508
2025-08-03 19:34:10.790655,75.32330385241167,2.6212056491373583,7.533364851833008,15.90614871282992
2025-08-03 19:49:10.790655,74.70716698112342,2.5648456765357097,7.432640955233153,14.903746333682339
2025-08-03 20:04:10.790655,75.03421612095627,2.4373456073320834,7.166780868378846,15.137780962256873
2025-08-03 20:19:10.790655,75.8322188059512,2.4519267977097776,7.031143863393481,14.181774730607739
2025-08-03 20:30:37.154417,73.39167278572033,2.466399259085319,7.709328742482582,14.512096478260498
2025-08-03 20:34:10.790655,75.67596524728152,2.4603910238299878,7.08850567606048,14.061858013042881
2025-08-03 20:49:10.790655,76.64424028233158,2.478527782021669,7.073822517272779,15.338924874290589
2025-08-03 21:04:10.790655,74.96908963312286,2.563441481493728,7.439998988234217,15.133078410410153
2025-08-03 21:19:10.790655,75.27334721480581,2.5275721422440287,7.007201243565911,15.76063785408116
2025-08-03 21:30:37.154417,74.40295091063001,2.420828984531964,6.929255781990162,14.833613855952517
2025-08-03 21:34:10.790655,75.77586865900274,2.610741174876407,7.068170530537856,15.03182065629042
2025-08-03 21:49:10.790655,76.17932925526478,2.5255426139888018,7.078956788379636,15.541567151830586
2025-08-03 22:04:10.790655,77.38893937334505,2.516182111830445,6.987316856787726,14.93849178436627
2025-08-03 22:19:10.790655,77.9015490460581,2.5326658598484184,7.144825036743515,15.2908895176458
2025-08-03 22:30:37.154417,73.28417628251592,2.4793874707544963,7.387460549201508,15.671221006827082
2025-08-03 22:34:10.790655,75.77070685836526,2.499838075619705,7.155877173584212,15.298304370732616
2025-08-03 22:49:10.790655,75.79245079627307,2.586050910083209,7.433894217440139,15.609618696042448
2025-08-03 23:04:10.790655,76.65887954998655,2.5712751536271887,6.94205286137406,15.041124430542704
2025-08-03 23:19:10.790655,75.00886762247825,2.577400419070085,7.281616616107026,14.392411168173028
2025-08-03 23:30:37.154417,72.02803530333163,2.406290025307083,6.8649071305630045,14.951978899030514
2025-08-03 23:34:10.790655,79.53594308894303,2.505446222324995,7.18470006233007,13.837668783733212
2025-08-03 23:49:10.790655,74.1867555692314,2.4598182202681063,7.412278293960923,14.16010407817948
2025-08-04 00:04:10.790655,76.64682030824059,2.6242623095448656,7.518704606458817,15.027008617762478
2025-08-04 00:19:10.790655,78.63691845872472,2.516385031490786,7.0398233593051405,15.439174475685256
2025-08-04 00:30:37.154417,71.13223972146362,2.447409614339629,7.251978839195714,16.098460473813226
2025-08-04 00:34:10.790655,79.34924802774358,2.5105091074748502,7.209038998797512,15.318088216529478
2025-08-04 00:49:10.790655,79.04250409125437,2.3932654583004265,7.2433811555313845,15.566337425112973
2025-08-04 01:04:10.790655,77.02066288238052,2.3275909042885092,7.252920742674207,14.853014170814912
2025-08-04 01:19:10.790655,78.22181630718345,2.522959191620859,7.263403334515615,15.62020758099228
2025-08-04 01:30:37.154417,73.25550126275641,2.5192418781487054,7.010651988203639,14.824691557720465
2025-08-04 01:34:10.790655,80.12638300484355,2.5560307605624586,7.050272863775315,14.351810443201895
2025-08-04 01:49:10.790655,79.52998312379067,2.543421723478117,7.157393472474478,15.594743353873211
2025-08-04 02:04:10.790655,78.33957838226222,2.5568387167680307,6.863857446216547,14.25671119838162
2025-08-04 02:19:10.790655,77.08982709362938,2.377578793341725,7.250063248362809,14.078319453708687
2025-08-04 02:30:37.154417,71.77232152252782,2.4153271389909667,7.134041543863671,15.043909758466025
2025-08-04 02:34:10.790655,78.3376435188926,2.445639859864508,7.1586812568258615,14.696405953645971
2025-08-04 02:49:10.790655,78.32986255925354,2.5579885257896167,7.2124106968422375,14.403871156469382
2025-08-04 03:04:10.790655,79.06028953170232,2.5442670811592376,7.094431029814499,15.379040622982068
2025-08-04 03:19:10.790655,79.04237053411696,2.4857092122500672,7.20115621536174,15.356934973795408
2025-08-04 03:30:37.154417,71.90432544458037,2.5901367325361813,7.411414063072656,14.379602551547377
2025-08-04 03:34:10.790655,77.1022361886411,2.5416757122120743,7.162743434500227,14.785915458376177
2025-08-04 03:49:10.790655,77.43437220868674,2.614549060307041,7.004277435942109,15.062740222046674
2025-08-04 04:04:10.790655,80.95155140994041,2.5715923143170403,7.2570212678143315,14.750717426562655
2025-08-04 04:19:10.790655,82.08655459637065,2.3445802220669343,7.268223586273072,14.702978697161216
2025-08-04 04:30:37.154417,70.97091058837354,2.4305341808797087,6.978995772205124,15.236035068788079
2025-08-04 04:34:10.790655,80.18423119186613,2.4448486212574796,7.356373509440135,15.549360211700458
2025-08-04 04:49:10.790655,79.09533940034898,2.4130758919301782,7.22082032969768,15.315760264099763
2025-08-04 05:04:10.790655,78.81063649111688,2.553003729300321,7.10577737771185,14.696959294498258
2025-08-04 05:19:10.790655,78.28073087795701,2.4715540373855647,7.009796995647953,15.363062116783372
2025-08-04 05:30:37.154417,71.15009349304734,2.374571976762365,7.397872353219897,14.896497135627037
2025-08-04 05:34:10.790655,80.75131840365563,2.5029317264259934,7.060861635291414,16.093707760948334
2025-08-04 05:49:10.790655,79.83084817645707,2.3342924931091185,7.006493449949757,15.083456706701062
2025-08-04 06:04:10.790655,78.46971480664455,2.4411746484603825,7.446851363785927,13.921430320527008
2025-08-04 06:19:10.790655,81.1714397231118,2.4603804405140437,7.196246021457136,15.637178089196459
2025-08-04 06:30:37.154417,70.6493234509572,2.5424237837891854,7.280279113410171,15.168115374974496
2025-08-04 06:34:10.790655,79.52707486468483,2.411366506208115,7.650633987863849,14.301992222425119
2025-08-04 06:49:10.790655,80.2112811699829,2.5757829761429836,7.147726638808644,15.08676821488373
2025-08-04 07:04:10.790655,79.85603558515307,2.414648108904691,7.050282051433817,15.582106898630636
2025-08-04 07:19:10.790655,80.97252644144541,2.54172847097332,7.004431504050849,14.708365480570684
2025-08-04 07:30:37.154417,71.58863922279596,2.6191355353242862,7.027020627618785,14.750623827777584
2025-08-04 07:34:10.790655,79.59563283606983,2.587696183261837,7.1970298720935295,14.150794318202921
2025-08-04 07:49:10.790655,77.65547273848667,2.6444842875988677,6.962062437447719,15.37915504736181
2025-08-04 08:04:10.790655,80.9169199766195,2.497769066244202,6.81978893785923,14.27667125671798
2025-08-04 08:19:10.790655,79.94948181779331,2.5108518286248382,7.181645826028324,15.271543147474631
2025-08-04 08:30:37.154417,69.38532160069128,2.6800021579421367,7.0690275781090675,15.068823064403551
2025-08-04 08:34:10.790655,80.6143218363534,2.2202324641055475,7.052309957838031,15.966771849893021
2025-08-04 08:49:10.790655,78.56861896288778,2.637651794708327,7.117428549431243,15.268794435175858
2025-08-04 09:04:10.790655,80.545884336408,2.588246404208408,7.173108193492051,14.542909938171201
2025-08-04 09:19:10.790655,80.05125696477734,2.3543278687457483,7.022147496494576,14.286287127006943
2025-08-04 09:30:37.154417,70.4985471389099,2.51773245395514,7.359867748369517,15.510721793215975
2025-08-04 09:34:10.790655,77.30440622156513,2.423805696657496,7.0568428274385,15.392861082225425
2025-08-04 09:49:10.790655,81.62981634728104,2.5110031949332807,6.714773582333727,15.104402195319295
2025-08-04 10:04:10.790655,78.38631256208429,2.458851381354348,7.242707498352228,14.425004487960708
2025-08-04 10:19:10.790655,79.67287588432178,2.7162400734259062,7.300455193710603,15.325391456268632
2025-08-04 10:30:37.154417,69.17776583810577,2.519762548332752,7.121199672856291,14.996754068415024
2025-08-04 10:34:10.790655,79.57453611894495,2.4911503836186557,7.494982106840807,14.410699672819081
2025-08-04 10:49:10.790655,78.32075816244355,2.4540403554224612,7.6227346316386555,15.337819712193859
2025-08-04 11:04:10.790655,77.6332097991378,2.433439166747551,6.991319381401448,13.879091790188065
2025-08-04 11:19:10.790655,78.91223772266152,2.5596260188609308,7.329419983191833,15.067291894156485
2025-08-04 11:30:37.154417,70.25230209626538,2.4861114231549686,7.057839350053483,14.938131074568481
2025-08-04 11:34:10.790655,77.84274668890404,2.5608697279054082,7.24631219973014,15.74995646850303
2025-08-04 11:49:10.790655,78.21987136843993,2.528952153887488,7.301132649210293,16.461550596398524
2025-08-04 12:04:10.790655,77.82113646080211,2.393093888545846,7.128278961254496,14.59560975786752
2025-08-04 12:19:10.790655,80.4779865881499,2.3835690057082024,7.2867204149311755,14.059845487534671
2025-08-04 12:30:37.154417,69.09905876341006,2.3706379909243305,7.527623173628969,15.410361378937829
2025-08-04 12:34:10.790655,77.4347285670323,2.6798885743070358,7.0561994469400044,14.783201581886084
2025-08-04 12:49:10.790655,77.88267015577094,2.5750842911966476,6.817619605941706,14.798428171139669
2025-08-04 13:04:10.790655,77.30386898536345,2.4729544124691847,7.141073284093236,14.355687897781008
2025-08-04 13:19:10.790655,78.7374393989092,2.59551681894329,7.2817993776439325,15.292138095831675
2025-08-04 13:30:37.154417,71.2670813617379,2.552354277458166,7.243226136828138,14.173860924644575
2025-08-04 13:34:10.790655,78.06530260027994,2.5307905253297065,7.508446898196226,15.208460112836152
2025-08-04 13:49:10.790655,76.62002706632968,2.4279450654130876,6.784083848650201,15.746095635194973
2025-08-04 14:04:10.790655,80.10538257121284,2.4939730115548,6.756986914280157,14.630912635553464
2025-08-04 14:19:10.790655,75.93269131496298,2.6419801376837557,7.367712270206345,14.405256554440424
2025-08-04 14:30:37.154417,70.35393681404932,2.413666874548613,6.960769107022944,15.359058464749296
2025-08-04 14:34:10.790655,77.33462816951464,2.5719794310772874,7.1596162007750666,14.939493055849889
2025-08-04 14:49:10.790655,76.15190716311051,2.528369565852961,7.040279744335907,14.886016536303407
2025-08-04 15:04:10.790655,75.26369134894145,2.5925400377878307,7.213990481305298,14.514863081836394
2025-08-04 15:19:10.790655,75.73984355040754,2.5752938702440513,6.920474193620416,15.117123944422568
2025-08-04 15:30:37.154417,70.46310581615472,2.328880794588402,7.098049956825198,14.695178762380195
2025-08-04 15:34:10.790655,75.41067101264933,2.442348487830497,7.241558910562268,15.026390176938182
2025-08-04 15:49:10.790655,77.59866520077071,2.4205571002401136,7.054764434088115,14.480158814520586
2025-08-04 16:04:10.790655,75.66213955440446,2.601031965539929,6.99500461085408,15.646479505891175
2025-08-04 16:19:10.790655,74.60409302996689,2.598843735761584,7.229045604324418,14.1035622096495
2025-08-04 16:30:37.154417,69.85214460917963,2.4785785787315926,7.153002067293997,15.350602487953646
2025-08-04 16:34:10.790655,74.52592460782432,2.4457047953159687,7.196729142404574,14.783404613551314
2025-08-04 16:49:10.790655,74.48851337088819,2.281190327952527,7.618740688003219,14.866956831695276
2025-08-04 17:04:10.790655,75.4445873254845,2.4028194004089607,7.1525749985749645,15.10583684446039
2025-08-04 17:19:10.790655,76.02884445974472,2.589758335373463,7.063792430947013,15.123406601856967
2025-08-04 17:30:37.154417,69.50338677499482,2.53405703551749,7.5264305662953985,15.925758406824038
2025-08-04 17:34:10.790655,72.41193527878765,2.5615310632818713,6.961758972095236,15.01181350229873
2025-08-04 17:49:10.790655,74.75587839572444,2.6480444048850638,7.247488015875547,14.46711060835726
2025-08-04 18:04:10.790655,73.94395672683163,2.40378835440027,7.2132335655047415,15.465903843655752
2025-08-04 18:19:10.790655,73.825626953392,2.2875507355966893,7.275238906856207,14.727518603591037
2025-08-04 18:30:37.154417,70.00491105641517,2.325762442295322,7.544783005389686,15.00351680295622
2025-08-04 18:34:10.790655,73.14195588753022,2.5919770210286224,6.956880377666531,15.35045289843865
2025-08-04 18:49:10.790655,71.67069253044049,2.362653918804773,7.451776579726391,14.645057415306747
2025-08-04 19:04:10.790655,74.60872494989849,2.659300377630227,7.252373220465903,14.689813916783793
2025-08-04 19:19:10.790655,72.08072337474097,2.6724184399868784,7.1757880225612265,15.648455514272761
2025-08-04 19:30:37.154417,70.38170277504008,2.505461459070034,7.234955239704328,16.028756892094293
2025-08-04 19:34:10.790655,73.17805994401421,2.453560355973881,7.029295427379625,14.855301736302797
2025-08-04 19:49:10.790655,70.95457571563719,2.4025717108035143,7.281599914872794,16.071577739931477
2025-08-04 20:04:10.790655,73.69560504765947,2.5345688115638816,7.736713669824124,14.836697080774764
2025-08-04 20:19:10.790655,73.63964737790336,2.5221837919755146,7.287890573256928,15.032636272341643
2025-08-04 20:30:37.154417,70.06044019297846,2.4914949233943515,7.05975329971767,14.512303080388943
2025-08-04 20:34:10.790655,73.63452832504895,2.343637075024289,7.3824180971454565,14.89562986088227
2025-08-04 20:49:10.790655,72.17032417015587,2.5608262915211504,7.416052868768832,15.887731861508733
2025-08-04 21:04:10.790655,72.44799834890522,2.453669377896652,7.135185269664316,14.698442120380065
2025-08-04 21:19:10.790655,71.93408270132112,2.4659053128489097,7.118861455966587,15.015934037356935
2025-08-04 21:30:37.154417,70.46067485383455,2.474560993596307,7.1077342111122634,14.894577887196814
2025-08-04 21:34:10.790655,72.27081897825704,2.3999860168660243,7.175485467604683,15.592161360197695
2025-08-04 21:49:10.790655,72.64948515779655,2.398316728970544,7.384998346346437,15.83463706029747
2025-08-04 22:04:10.790655,71.82436407821416,2.438581307648165,7.45830402893342,15.123773621530932
2025-08-04 22:19:10.790655,68.20762087065451,2.5180508855573986,7.199599908673484,14.554785447324921
2025-08-04 22:30:37.154417,70.44044497357159,2.502517371704028,7.17094875552069,14.661727418312685
2025-08-04 22:34:10.790655,70.8728017819795,2.4289547070591744,7.405064274278673,14.701445711775982
2025-08-04 22:49:10.790655,70.45660898741879,2.4018996891820805,7.370524624844309,15.301164367140569
2025-08-04 23:04:10.790655,71.19732535986991,2.392258990793145,7.326386785599259,15.253014735917851
2025-08-04 23:19:10.790655,69.10607447474851,2.5197734745714775,7.388871602193092,15.481107138060787
2025-08-04 23:30:37.154417,72.79032083033115,2.381709327538773,6.914837101185861,14.3564329464148
2025-08-04 23:34:10.790655,73.04684176696547,2.4222921615165243,7.457908493633819,15.050619007591152
2025-08-04 23:49:10.790655,72.0662619155862,2.5253784477873693,7.117810416443849,15.318076727290618
2025-08-05 00:04:10.790655,69.78948917675976,2.5241746256972175,7.136929791619224,14.948791889742122
2025-08-05 00:19:10.790655,70.6036270719261,2.4945564002649574,7.456060853532614,14.668516430425907
2025-08-05 00:30:37.154417,72.27088581472748,2.623417561101587,7.345374345556627,14.947992470964769
2025-08-05 00:34:10.790655,72.02341605132722,2.391122735470069,7.165576944447128,14.059983836703758
2025-08-05 00:49:10.790655,71.45674710691381,2.322555843918599,7.133158622426075,14.563245914755585
2025-08-05 01:04:10.790655,71.1460213389364,2.6550013784159754,7.3461866560699285,14.735484845650705
2025-08-05 01:19:10.790655,70.12350704963454,2.4231509567764777,7.394341127952814,14.813095326599656
2025-08-05 01:30:37.154417,71.28011678424345,2.6019975695701447,7.192768042784764,14.649329611851542
2025-08-05 01:34:10.790655,70.69102264908489,2.5497868514189492,7.263939829980401,15.168491632239036
2025-08-05 01:49:10.790655,70.86314762521403,2.622146164814734,7.374889339511052,15.13990366410556
2025-08-05 02:04:10.790655,68.80091001886399,2.5812786340258844,6.812696519524104,16.101234721903403
2025-08-05 02:19:10.790655,71.23448512397674,2.436589297634727,7.363852698094724,13.986958192803463
2025-08-05 02:30:37.154417,71.35726097253352,2.494069780231406,7.032738937391243,14.037584084231026
2025-08-05 02:34:10.790655,68.7816225066858,2.5110815882130506,7.480816294043939,15.039105971759618
2025-08-05 02:49:10.790655,70.85564808206993,2.4798143512895146,6.9850330071715065,15.427905878536327
2025-08-05 03:04:10.790655,69.5280641941785,2.5062300302082288,7.5179512662330055,14.715628893548569
2025-08-05 03:19:10.790655,69.2379243916701,2.4382532383897972,7.397719896470107,14.273972522069618
2025-08-05 03:30:37.154417,71.78285904720795,2.40527917560718,7.160054981809857,14.562812252983443
2025-08-05 03:34:10.790655,70.88119147125484,2.47069176537893,7.219213456973115,14.451140339381904
2025-08-05 03:49:10.790655,68.60369120736915,2.5538496941930613,7.348432569986784,15.3736232955825
2025-08-05 04:04:10.790655,69.68038490046689,2.6328307348626,6.9581195391689015,15.784696168012548
2025-08-05 04:19:10.790655,68.63134714762873,2.4088980278854573,7.26565998220827,14.903396153470503
2025-08-05 04:30:37.154417,71.6670869723121,2.5255999799826356,7.191916651170899,16.11735778967956
2025-08-05 04:34:10.790655,69.131280640695,2.468423406945323,7.5336490632249244,15.943137635401595
2025-08-05 04:49:10.790655,68.9946450274489,2.4947344603233432,7.096710646249102,15.424415064451635
2025-08-05 05:04:10.790655,69.26526091920839,2.561017432662757,7.297097374240149,13.93504216053825
2025-08-05 05:19:10.790655,70.14970766605684,2.502604366687545,6.9674623791055925,15.221546077330718
2025-08-05 05:30:37.154417,72.18680072067676,2.392558858568316,6.958742555620999,14.857724688747098
2025-08-05 05:34:10.790655,70.26745568081762,2.528037681957185,7.061415756335833,15.531249420200577
2025-08-05 05:49:10.790655,71.51622757514136,2.3270019456728392,7.022856929076698,14.743442756686902
2025-08-05 06:04:10.790655,69.03708636992795,2.514329718413926,7.072976821971562,15.327929830173703
2025-08-05 06:19:10.790655,71.4481634648702,2.5270057634028484,7.050740767454906,15.234366107477467
2025-08-05 06:30:37.154417,72.96411646846816,2.30556472785699,7.122786357654761,15.002397509152152
2025-08-05 06:34:10.790655,69.61201491138252,2.395015104856304,7.104423940901699,14.607567486999923
2025-08-05 06:49:10.790655,70.20969241916261,2.5481625389817637,6.779136832512291,14.867786827234836
2025-08-05 07:04:10.790655,70.68540834479502,2.5341324287239417,7.267495619610809,15.431368498302264
2025-08-05 07:19:10.790655,72.3755173589604,2.5089520356248265,7.484062562701751,14.556545423147163
2025-08-05 07:30:37.154417,74.4778712405972,2.3986480617158827,7.4094289584821995,13.887301216463722
2025-08-05 07:34:10.790655,69.29118394755358,2.4346736506695543,7.315810743844888,15.62306923175137
2025-08-05 07:49:10.790655,70.7320777840943,2.2379249797080925,7.315687350411599,14.71204351384741
2025-08-05 08:04:10.790655,70.95986107999317,2.4994087133594505,7.073909872259385,14.912335379286498
2025-08-05 08:19:10.790655,71.33655692136472,2.508992391306391,6.927175685685467,14.703853278172975
2025-08-05 08:30:37.154417,74.35214436726949,2.5121563917633387,6.990203124216854,14.977532773182254
2025-08-05 08:34:10.790655,70.71441056529478,2.6286908258213426,6.755424387835019,14.7457763210876
2025-08-05 08:49:10.790655,71.04233837821681,2.3371849994502782,7.61289119952917,14.080864499216926
2025-08-05 09:04:10.790655,71.7434560562834,2.4392121737426584,7.01157719420757,15.57952235722459
2025-08-05 09:19:10.790655,72.10908876506129,2.431335716023729,7.364516185292735,15.468522250239719
2025-08-05 09:30:37.154417,75.21513996314835,2.5894388791481378,7.504541838158587,15.491535358500018
2025-08-05 09:34:10.790655,70.54192058332436,2.4980890723572142,7.1457458446948365,14.444991568549135
2025-08-05 09:49:10.790655,72.33046924007976,2.4726766609845354,7.2837678530147985,15.541188159528472
2025-08-05 10:04:10.790655,71.13044606851689,2.490005769169377,6.878807447553908,15.25210117853536
2025-08-05 10:19:10.790655,72.17205621431356,2.6471759689892242,7.2695426066157225,15.025402989134271
2025-08-05 10:30:37.154417,75.15737598108097,2.4208606153360925,7.280086021895699,14.688154035173989
2025-08-05 10:34:10.790655,72.23426501381819,2.540316985852345,7.220746543187485,15.074387460660164
2025-08-05 10:49:10.790655,70.91032880625576,2.611311807293599,6.903418059212412,14.458567613492578
2025-08-05 11:04:10.790655,73.72369511500129,2.478196759707232,7.160927675229245,15.072169293681217
2025-08-05 11:19:10.790655,72.70342100782969,2.4785702991301477,6.919712875251718,14.846612756532997
2025-08-05 11:30:37.154417,74.83306731217948,2.369114866894686,6.856557859106475,15.2814422093752
2025-08-05 11:34:10.790655,73.80671033006377,2.620089852394705,7.093866544018778,15.298903494511986
2025-08-05 11:49:10.790655,73.54437489962619,2.306178063874938,7.5705968868012805,15.370484066644654
2025-08-05 12:04:10.790655,74.69598447293365,2.4511565587322535,7.111435328888382,15.435472499461182
2025-08-05 12:19:10.790655,74.74863843124311,2.547291182542615,6.8052456975464946,15.119286251229537
2025-08-05 12:30:37.154417,74.04546211694797,2.562259580491071,6.800070309852472,14.930607141631219
2025-08-05 12:34:10.790655,75.34111215687965,2.4325257729955667,7.186610894152843,14.794495444943845
2025-08-05 12:49:10.790655,74.06851814222806,2.4229207095234724,7.506251393695819,15.723624402106934
2025-08-05 13:04:10.790655,75.9342347329262,2.4167985420497318,7.013602718756181,14.69752537439836
2025-08-05 13:19:10.790655,73.9748301556265,2.459765758033293,7.356450545064243,15.070789792337832
2025-08-05 13:30:37.154417,75.24509230565432,2.4151014642162565,7.243107861943578,15.402180607220085
2025-08-05 13:34:10.790655,73.84012910919944,2.4525282670538617,7.249758118727853,15.596636220808167
2025-08-05 13:49:10.790655,73.76158538125674,2.4233453181815614,7.3374761165381335,16.00112118353346
2025-08-05 14:04:10.790655,76.80145681438472,2.548136371109896,7.327824621668486,15.596490145860715
2025-08-05 14:19:10.790655,75.95620062715649,2.511951911424406,7.313854874693254,15.855034255184993
2025-08-05 14:30:37.154417,75.97188937603116,2.3999248058446163,7.041986195447143,15.483912683314205
2025-08-05 14:34:10.790655,74.09872585780236,2.6101053073207723,6.680927285814045,14.664652466638115
2025-08-05 14:49:10.790655,75.28520704542247,2.521298096619124,7.46651944932052,15.57915647780835
2025-08-05 15:04:10.790655,74.56480050048535,2.492956850611618,7.6711595412467135,14.444868974782745
2025-08-05 15:19:10.790655,76.02166808065788,2.5769914754910395,7.235608426523068,15.173443720195559
2025-08-05 15:30:37.154417,76.90416702987402,2.5185607172313262,7.2712616143576225,14.942376656379334
2025-08-05 15:34:10.790655,74.70154103979785,2.5139501269824933,7.3152546169203925,14.506920666287423
2025-08-05 15:49:10.790655,75.83394593858209,2.518792091413865,6.838616813320791,15.30339055514453
2025-08-05 16:04:10.790655,76.49709854229057,2.3965578151756732,7.3235501780637575,15.210360364833145
2025-08-05 16:19:10.790655,77.70227161146472,2.524437379119066,7.177991563945222,15.180187008218665
2025-08-05 16:30:37.154417,77.27734741992853,2.4522892933674396,7.026417303171548,14.740586033120172
2025-08-05 16:34:10.790655,77.57227669990075,2.5764059260626424,7.0269264906909825,14.74432423195964
2025-08-05 16:49:10.790655,77.08663930940575,2.5577853706460187,6.993396273554541,14.81410209429944
2025-08-05 17:04:10.790655,77.66658482347233,2.6182566255407145,7.572092792855747,13.909883063870668
2025-08-05 17:19:10.790655,77.37433024597993,2.5011778580502795,6.982770047044778,15.177486424827448
2025-08-05 17:30:37.154417,76.44612906968217,2.4819796557715015,7.073852861298107,14.126882555986972
2025-08-05 17:34:10.790655,77.5072882467685,2.584247282960778,6.991488812523566,14.710175801981581
2025-08-05 17:49:10.790655,76.02547084307243,2.4364919416936646,7.3816594363189445,14.938913212410545
2025-08-05 18:04:10.790655,77.4960757319357,2.5024544486084292,7.273486561215915,14.961016151822447
2025-08-05 18:19:10.790655,79.50644155564139,2.5169092169857445,6.9951451253106445,15.257787206432283
2025-08-05 18:30:37.154417,78.22530805477234,2.6071032221899326,6.940080989509487,14.678097883034342
2025-08-05 18:34:10.790655,77.25810280202614,2.4830363648231857,6.878270822940292,14.905678118841577
2025-08-05 18:49:10.790655,77.32790148448666,2.3687530193751174,7.446077113937146,15.440004036198005
2025-08-05 19:04:10.790655,78.02904964467376,2.454407181088797,7.185159669761275,14.866319858737134
2025-08-05 19:19:10.790655,77.56284525426136,2.4786831758154135,7.351064695688017,15.32358056034398
2025-08-05 19:30:37.154417,76.78448569479194,2.591304214489598,6.836586488740871,15.152881817901072
2025-08-05 19:34:10.790655,79.19180993850344,2.3330084380658915,7.402202987317667,15.400601847502438
2025-08-05 19:49:10.790655,79.35331367789422,2.5184978421482005,6.961203003541549,14.45365392092053
2025-08-05 20:04:10.790655,80.44360791961357,2.532809351602648,7.002831266935732,14.17567724525913
2025-08-05 20:19:10.790655,79.72159261990464,2.4279642415905065,7.33833014517794,15.148653146559317
2025-08-05 20:30:37.154417,79.20756262222085,2.6094844584675565,7.154829199025845,15.278450478904857
2025-08-05 20:34:10.790655,78.33713988621147,2.498842354624617,7.111799016960558,15.324566971607931
2025-08-05 20:49:10.790655,79.46587230834218,2.541155586347299,7.155934621160494,14.506697909247952
2025-08-05 21:04:10.790655,80.82069469716134,2.5664028020229144,7.000848389917518,15.27381522931504
2025-08-05 21:19:10.790655,79.68382707290681,2.5299772416314292,6.924576933871821,14.661084591527661
2025-08-05 21:30:37.154417,78.07419895621535,2.6703631453989427,7.103182888404614,14.580003829664077
2025-08-05 21:34:10.790655,80.05541322781589,2.480157278038219,7.37264382470627,14.895781744021097
2025-08-05 21:49:10.790655,80.20373278756941,2.5937504099364173,7.432167015399856,15.383249254975304
2025-08-05 22:04:10.790655,80.39236655899772,2.544501466123605,7.069305712430271,15.135649316119533
2025-08-05 22:19:10.790655,80.81586678124383,2.556670134992262,7.118840698299399,14.757414947266277
2025-08-05 22:30:37.154417,79.05874821442669,2.392167930840592,7.218534682048039,14.787060035124686
2025-08-05 22:34:10.790655,78.87115743235555,2.532303958186266,7.0402704282963935,14.504235055671904
2025-08-05 22:49:10.790655,80.15813560261132,2.6743025995570986,7.246354344262541,15.277432675812054
2025-08-05 23:04:10.790655,79.49789063246257,2.5572362431388425,6.755162581418502,15.483081154996519
2025-08-05 23:19:10.790655,79.01089487821916,2.6758364611339984,7.165312652229783,15.31040811377712
2025-08-05 23:30:37.154417,78.70266185100469,2.398072280918909,6.821900786507662,15.983102986988367
2025-08-05 23:34:10.790655,79.92087281147393,2.569697818232621,7.309955338286774,15.311577893595787
2025-08-05 23:49:10.790655,78.1172035954398,2.466974553630111,7.234003396487691,15.085374496598757
2025-08-06 00:04:10.790655,79.82556889081644,2.4798748262303496,7.08841055055202,15.382141364188604
2025-08-06 00:19:10.790655,79.5262210117875,2.3581461076950876,6.961931047814411,15.191500828623978
2025-08-06 00:30:37.154417,80.11663097719733,2.519662260106925,7.223245530996848,14.855648930873897
2025-08-06 00:34:10.790655,79.48627662985862,2.575292733431476,7.446859887654113,14.442656275052059
2025-08-06 00:49:10.790655,77.77808715736609,2.3783065945772788,7.060594630029567,14.221551529450988
2025-08-06 01:04:10.790655,80.00061428260335,2.460686075694862,7.341067832118233,15.29591553032373
2025-08-06 01:19:10.790655,81.11601261114068,2.5675767475743845,7.240971249743009,14.799382662108101
2025-08-06 01:30:37.154417,79.03202859092227,2.5684322189064153,7.210675810705341,15.512322868805164
2025-08-06 01:34:10.790655,79.52809417207351,2.447672976234103,7.164491649499651,15.341690956340777
2025-08-06 01:49:10.790655,79.71592090721846,2.5667893401290396,6.96687964611168,14.44733418267741
2025-08-06 02:04:10.790655,80.19184705931598,2.361577250448145,7.3450222019171045,15.073645876513567
2025-08-06 02:19:10.790655,79.54072757482635,2.6787074374514286,7.113339820912788,15.143729682561727
2025-08-06 02:30:37.154417,79.74874764857907,2.48933705303994,6.911474155136737,14.514335305684122
2025-08-06 02:34:10.790655,79.4233353909626,2.602009873299683,7.27839893341588,15.63187620189104
2025-08-06 02:49:10.790655,79.8326741468677,2.3679615591365804,7.05726106448672,15.383901279257225
2025-08-06 03:04:10.790655,78.31781093737283,2.500886589954557,7.190394062222326,14.708611183070659
2025-08-06 03:19:10.790655,79.78968332884415,2.396825532348685,7.176449161043326,15.545874814344781
2025-08-06 03:30:37.154417,80.09262349645104,2.4251325099082304,7.164984655997051,15.05641242975841
2025-08-06 03:34:10.790655,78.11745044743799,2.4367037399661604,7.144177612495864,14.02613005229099
2025-08-06 03:49:10.790655,79.55592036711167,2.424451019081534,7.362181774670951,15.530642399135228
2025-08-06 04:04:10.790655,80.10567886769012,2.7739719093072757,7.056758325340035,15.960931950612457
2025-08-06 04:19:10.790655,77.57976058927187,2.5560041307148627,7.059696044364353,14.807328031184811
2025-08-06 04:30:37.154417,81.84724012060488,2.3866974904376983,6.59679250040963,14.953639932392031
2025-08-06 04:34:10.790655,78.41939173326828,2.3006809352896167,7.30707580256918,14.969512198824706
2025-08-06 04:49:10.790655,80.08059029722718,2.6534486653832596,7.20983004474523,15.194679586472594
2025-08-06 05:04:10.790655,79.77358709140262,2.634187558033275,7.375384008986465,15.854673245065364
2025-08-06 05:19:10.790655,79.02019631436264,2.543992890932693,7.336539833550318,14.679197163292837
2025-08-06 05:30:37.154417,81.41131827051073,2.489847276082002,7.070817347930679,14.865767881903427
2025-08-06 05:34:10.790655,78.0887046699582,2.539614563815334,7.449506642041181,15.578232668757451
2025-08-06 05:49:10.790655,79.55015137345121,2.5928792397119014,7.258615657348681,14.455827979768962
2025-08-06 06:04:10.790655,77.93840962958313,2.491882688119556,7.213649959034696,15.643293967896481
2025-08-06 06:19:10.790655,77.9395284828998,2.507617385070072,7.314055628139973,15.739271688797617
2025-08-06 06:30:37.154417,80.82992900918168,2.481482144394346,6.943850939310477,14.697213581280677
2025-08-06 06:34:10.790655,78.78143278320522,2.5992965538006474,7.365603624457854,14.546726417899265
2025-08-06 06:49:10.790655,79.18579187522076,2.580471081527232,6.966764926698969,14.897720758762246
2025-08-06 07:04:10.790655,76.76342468486132,2.5639656864137876,6.923111207487215,15.650049929737971
2025-08-06 07:19:10.790655,76.30476992289812,2.4600645046619434,7.255195748269922,14.894305939331296
2025-08-06 07:30:37.154417,79.29488146635728,2.6931475841621535,6.956177951651113,15.737706640415961
2025-08-06 07:34:10.790655,77.00581509525601,2.5661692624921364,7.053996797877231,14.028683874738856
2025-08-06 07:49:10.790655,78.76587984132183,2.4825239622549033,7.366453904579643,14.355603986443004
2025-08-06 08:04:10.790655,76.11792865843665,2.7349815393200245,7.305179011213498,14.851776486777489
2025-08-06 08:19:10.790655,75.99130760421816,2.3704674863276014,7.382234971171507,14.01358780666412
2025-08-06 08:30:37.154417,79.92010323122533,2.5952681392402606,7.198828217793757,15.291764605325739
2025-08-06 08:34:10.790655,74.5375880552779,2.4933213251994197,7.293636102578782,14.9060261227548
2025-08-06 08:49:10.790655,78.33672124815129,2.35653461050395,7.073290473998847,14.428357303058132
2025-08-06 09:04:10.790655,75.18020360900707,2.501888022366564,7.334047436261108,16.06541955082687
2025-08-06 09:19:10.790655,74.78803268828607,2.40261332214692,7.172689257712595,15.533422407505643
2025-08-06 09:30:37.154417,78.67878253433447,2.2382185112520196,7.401378822501857,14.828237895687499
2025-08-06 09:34:10.790655,74.52984266434764,2.447660577641114,7.247916634711472,15.050499192564672
2025-08-06 09:49:10.790655,76.69610676817626,2.572458290786984,7.144534236682517,15.005714829040567
2025-08-06 10:04:10.790655,75.33630801952312,2.435041473343808,7.169009341013119,15.14906921842458
2025-08-06 10:19:10.790655,75.08834650270718,2.661330775884882,7.12330694743811,14.858696468414395
2025-08-06 10:30:37.154417,78.77228248256502,2.325998849930182,7.1284379250493,15.536652977090567
2025-08-06 10:34:10.790655,75.66902261525654,2.48498531352154,7.510968519078544,15.40060243475489
2025-08-06 10:49:10.790655,75.94033965001911,2.273766374165217,6.914091176684124,15.21833614886282
2025-08-06 11:04:10.790655,75.42989315414125,2.403751396307129,7.3059136252031065,15.90950068982293
2025-08-06 11:19:10.790655,74.82796372966982,2.5187236791612366,6.9586714374652585,15.286270025389147
2025-08-06 11:30:37.154417,79.71129797242176,2.6668754433911266,7.279295904647586,14.771173821390324
2025-08-06 11:34:10.790655,76.4790043130332,2.7090991378225437,6.837154853144158,14.404375025917775
2025-08-06 11:49:10.790655,74.09453541044053,2.4016700359509926,7.1366450725783785,14.16662314638107
2025-08-06 12:04:10.790655,74.48422259651922,2.5633223324772474,7.295098269696831,15.551274541384332
2025-08-06 12:19:10.790655,73.54530709845234,2.4787627876735803,6.839931009429564,15.151082944993759
2025-08-06 12:30:37.154417,78.65366468022897,2.571359243771928,7.0876028572681244,15.13858556882775
2025-08-06 12:34:10.790655,73.86611144073535,2.556070438942709,7.0354420899029035,15.312980410332512
2025-08-06 12:49:10.790655,73.88383364687755,2.447357531577169,7.213483306269802,14.39418741162233
2025-08-06 13:04:10.790655,73.48116974829503,2.4407537737786917,7.360694167329114,14.212081943583865
2025-08-06 13:19:10.790655,72.32270965793057,2.406043835572218,7.483302964801446,14.922524845457586
2025-08-06 13:30:37.154417,79.17862124589945,2.5025015201959215,7.346075050092837,14.765756437420945
2025-08-06 13:34:10.790655,75.38639887913477,2.4378194715824564,7.3168903615231216,15.185117831625853
2025-08-06 13:49:10.790655,72.89748996975123,2.497144340228362,7.0656129230720595,14.357572377071765
2025-08-06 14:04:10.790655,72.78199180688681,2.666049225897189,6.927329705535095,15.726135058155048
2025-08-06 14:19:10.790655,72.4917934685555,2.3795580833717116,7.15425918055491,14.569376059700806
2025-08-06 14:30:37.154417,79.40880724834821,2.5835126261368124,7.268675477616689,15.035023234817801
2025-08-06 14:34:10.790655,73.15991584912351,2.547501302526681,7.265800527456759,14.674840561985395
2025-08-06 14:49:10.790655,70.18560236899549,2.4945306189211025,7.4324354570310325,15.140989432001916
2025-08-06 15:04:10.790655,71.39753318871067,2.5329517219565125,7.40241294446869,15.100614772365482
2025-08-06 15:19:10.790655,73.1905265966195,2.439113403479228,7.187035421314744,14.797334402853778
2025-08-06 15:30:37.154417,79.7524417738499,2.4842835278308235,7.26825939756556,15.03493430188953
2025-08-06 15:34:10.790655,72.57754686565094,2.527649615774233,7.111090777956868,15.259914179590142
2025-08-06 15:49:10.790655,71.06780377282122,2.3840467995935986,7.340963976815476,14.495184294336443
2025-08-06 16:04:10.790655,72.9767702003539,2.5392964383854433,7.24917771894587,15.40901367258734
2025-08-06 16:19:10.790655,70.1581483408726,2.493426551077973,6.810101050185501,14.55627229241123
2025-08-06 16:30:37.154417,79.36503309685615,2.51329469030826,7.597122981943396,14.205312773122946
2025-08-06 16:34:10.790655,71.79261731920737,2.4751641046544584,7.00361241060658,14.722805768034354
2025-08-06 16:49:10.790655,70.70930519163457,2.4775946114747214,7.046442199718264,14.790049830501404
2025-08-06 17:04:10.790655,70.81916261083383,2.508520556068172,7.050489050995296,15.125117580009945
2025-08-06 17:19:10.790655,69.66044236863222,2.445943102585766,7.4501690529188975,14.650322825716366
2025-08-06 17:30:37.154417,79.17708026714321,2.3796044346340888,7.133467405201694,16.549947703667666
2025-08-06 17:34:10.790655,72.47002552933127,2.5185035404663276,6.992858351245188,14.460934485651617
2025-08-06 17:49:10.790655,70.62049104693024,2.495332469489426,7.0818525531525,14.946960643918525
2025-08-06 18:04:10.790655,70.38761360301025,2.521436910297588,7.357604693695066,15.304375176002893
2025-08-06 18:19:10.790655,71.43953418755595,2.4646094209190674,7.125648204428632,14.210592280378219
2025-08-06 18:30:37.154417,79.69766857601523,2.4666418502550287,7.370948150602163,15.147105823830563
2025-08-06 18:34:10.790655,68.93637903959635,2.4274557578413267,6.977741530239674,15.067782821612747
2025-08-06 18:49:10.790655,71.70967739155547,2.5436680505674176,7.11968993617281,15.011374176112291
2025-08-06 19:04:10.790655,70.31050569230635,2.6222687256527393,6.818325603475506,14.736558977616529
2025-08-06 19:19:10.790655,71.67837310891566,2.510687944917326,6.862305725859957,14.399256963965508
2025-08-06 19:30:37.154417,78.65580965089562,2.5794225522096736,7.38775764454903,15.164433027718394
2025-08-06 19:34:10.790655,70.92902119930432,2.415316971033549,6.9101712030601385,14.822888342691273
2025-08-06 19:49:10.790655,71.02379806912887,2.500230909502061,7.1302039377337865,14.607269046139573
2025-08-06 20:04:10.790655,69.91898693394319,2.457204797935725,7.047878507722748,14.721904046615244
2025-08-06 20:19:10.790655,70.25234284398203,2.496842139758545,7.3087438790244335,15.192269888651092
2025-08-06 20:30:37.154417,79.92790845819613,2.5218034244645247,7.401790825020751,14.833109819685584
2025-08-06 20:34:10.790655,69.46717384255217,2.717866731686667,7.214419606922063,14.655552208406226
2025-08-06 20:49:10.790655,69.80474682970784,2.4628449152396077,7.214388000698329,14.794562095100519
2025-08-06 21:04:10.790655,70.5526940627672,2.516992371114975,7.141538112198664,15.45100791318897
2025-08-06 21:19:10.790655,70.99362280616208,2.683094285523425,7.297093363575706,14.658810163655344
2025-08-06 21:30:37.154417,75.17877958606053,2.5330526483657296,7.155130004057353,14.877008143711521
2025-08-06 21:34:10.790655,68.56751046839207,2.494736526076036,7.148598706913991,14.569440351860676
2025-08-06 21:49:10.790655,69.21236611230023,2.5277971426605794,7.083986962290971,15.820240272898143
2025-08-06 22:04:10.790655,69.90758103422304,2.471582269655164,7.054584177976534,14.512146355963809
2025-08-06 22:19:10.790655,68.64257284898446,2.4096113136456596,7.005168143325412,15.220036089445042
2025-08-06 22:30:37.154417,78.64525574507286,2.3848145391700233,7.313705814697816,15.076332150122521
2025-08-06 22:34:10.790655,70.8524271674415,2.6939203887760748,7.18375867687443,13.721395208913274
2025-08-06 22:49:10.790655,69.41893117863877,2.4786748938791896,7.251452258988242,14.033334716773394
2025-08-06 23:04:10.790655,69.86378319968303,2.5310777374534914,7.153670791820958,13.780111314112524
2025-08-06 23:19:10.790655,68.73635344061051,2.471601565272391,7.017399280908523,16.394595818546414
2025-08-06 23:30:37.154417,76.77732496299238,2.4878105808158204,7.30832210980203,14.790642546663875
2025-08-06 23:34:10.790655,69.2902700992252,2.6673666427051623,7.069446860443031,14.924081756225252
2025-08-06 23:49:10.790655,69.95918386456133,2.474387787330025,7.105639909515407,15.542470525805836
2025-08-07 00:04:10.790655,68.6535084958917,2.4911416265500668,7.1252570170544285,14.403995970165738
2025-08-07 00:19:10.790655,72.02757539438454,2.2841362566690067,7.159040652016001,16.050594909729273
2025-08-07 00:30:37.154417,76.65791961378844,2.569167507184114,7.148998148785202,14.828673397665286
2025-08-07 00:34:10.790655,71.94829166150576,2.469271819410161,7.249851700931023,14.905260619244672
2025-08-07 00:49:10.790655,70.09936744080345,2.558217270247466,7.1701233757877505,14.507091764367392
2025-08-07 01:04:10.790655,70.08788977770587,2.745151225406113,7.393511881193896,15.750485688324716
2025-08-07 01:19:10.790655,70.56021075158567,2.385091101302206,7.32163614812645,14.707467440552385
2025-08-07 01:30:37.154417,77.25376469590472,2.388836336621816,7.388732338310144,15.01542515349431
2025-08-07 01:34:10.790655,71.30263218329021,2.6624907400347517,7.029716521941788,15.113036118995364
2025-08-07 01:49:10.790655,69.83837713733223,2.660938360583775,7.149685158824779,14.56893577385013
2025-08-07 02:04:10.790655,70.87036795402776,2.4574925511377024,7.298510774875121,14.870325894407658
2025-08-07 02:19:10.790655,70.31493117143928,2.483163296545784,7.492375294838846,14.876880654847417
2025-08-07 02:30:37.154417,77.99944588250503,2.326571461626819,7.379125918017823,15.433250999484804
2025-08-07 02:34:10.790655,71.64600305545495,2.5013352894510157,7.400787663048304,15.195143278710018
2025-08-07 02:49:10.790655,70.29114502121429,2.3822144556762646,6.912769595985427,15.204539693166337
2025-08-07 03:04:10.790655,70.52188849886835,2.497168715907922,7.447887901456653,15.162067785463625
2025-08-07 03:19:10.790655,70.77566493497044,2.721762850892563,6.776459670324495,14.740514307264204
2025-08-07 03:30:37.154417,74.4399385696442,2.520930390384719,7.509582625412624,15.353118475618464
2025-08-07 03:34:10.790655,73.65412457875354,2.4257315074521086,7.019177521070197,15.381319450999268
2025-08-07 03:49:10.790655,72.79919342332205,2.4997679232174095,7.237246391725584,14.097108209143615
2025-08-07 04:04:10.790655,70.61715151267792,2.638195374321142,7.092305300572011,14.51161914225508
2025-08-07 04:19:10.790655,74.4611031239173,2.4531319151761606,7.2134383711859265,14.549798044069863
2025-08-07 04:30:37.154417,76.83395133867054,2.41457626944041,7.3434278633359495,16.21497434418016
2025-08-07 04:34:10.790655,70.78823757279153,2.52981496812038,7.22371337992231,15.801043510067174
2025-08-07 04:49:10.790655,71.78321901033738,2.507097632261433,6.931152846132235,15.161410278054205
2025-08-07 05:04:10.790655,72.25682385532326,2.5018987878600165,7.291208368529647,14.802608528924694
2025-08-07 05:19:10.790655,73.771199952662,2.5816536400188523,7.515265683168039,14.78085593079049
2025-08-07 05:30:37.154417,75.64604131107748,2.571957492960036,7.018176379545714,14.77850046648421
2025-08-07 05:34:10.790655,74.50266173265271,2.5934158211912934,7.077410939094375,14.732095156634792
2025-08-07 05:49:10.790655,70.43435443023309,2.493071018742927,7.313940273520041,15.426191554279281
2025-08-07 06:04:10.790655,73.58983998062314,2.569882282336736,7.337962266058923,15.978562021924269
2025-08-07 06:19:10.790655,75.57905952051561,2.4654361633063377,7.147426318969767,15.25268763725368
2025-08-07 06:30:37.154417,73.34998005314738,2.38685844384273,7.1403199756401285,15.251449475450551
2025-08-07 06:34:10.790655,75.27865632550593,2.5008050340924504,7.044878590339882,14.868670599021394
2025-08-07 06:49:10.790655,72.31114887149647,2.5720419533382226,7.359863372126158,15.472168594479847
2025-08-07 07:04:10.790655,73.7869302363723,2.7052892872489096,7.29623865665621,14.969265394095311
2025-08-07 07:19:10.790655,73.86339506101213,2.63613134372633,7.329418036752824,15.39250293820087
2025-08-07 07:30:37.154417,73.39084561777432,2.6621092406096674,7.083083644845086,14.918548045529445
2025-08-07 07:34:10.790655,74.27074266534981,2.52824300737733,7.260959686966178,14.489330566919373
2025-08-07 07:49:10.790655,75.62700593773532,2.376264648402395,7.329091659609123,14.717169315372821
2025-08-07 08:04:10.790655,73.76860420219113,2.4885817920346858,7.160163099322354,15.117018759329707
2025-08-07 08:19:10.790655,76.55605999889823,2.6479610540633076,7.141806114467811,14.915424651816517
2025-08-07 08:30:37.154417,72.04588026369045,2.4099993033953497,7.389746323675476,16.160781299585953
2025-08-07 08:34:10.790655,75.1031633035811,2.3073017573857975,7.1046094429044695,14.091717945008037
2025-08-07 08:49:10.790655,75.623001321108,2.4886563419649725,7.439901241581302,16.846687887326507
2025-08-07 09:04:10.790655,77.092075388435,2.5740431991748243,7.306214360359706,13.950002618101502
2025-08-07 09:19:10.790655,75.30605830185146,2.469653602913772,7.12396290220018,14.355922117873506
2025-08-07 09:30:37.154417,73.1127387522297,2.423505655825109,7.234832154045662,14.672519109243536
2025-08-07 09:34:10.790655,77.12943659804733,2.5195949602217356,7.028063726356877,14.4900421543198
2025-08-07 09:49:10.790655,76.12899631052586,2.4523583863650695,7.204259783232592,15.50286683051448
2025-08-07 10:04:10.790655,78.3512353499259,2.483334045976921,7.469088478421934,15.06289989021258
2025-08-07 10:19:10.790655,75.0145570478817,2.4428028958871217,7.283940438311161,15.954142729443547
2025-08-07 10:30:37.154417,72.60190067049527,2.401564370015742,7.394930097335293,15.538481338488815
2025-08-07 10:34:10.790655,75.44916495651592,2.420081552182966,6.987781134919,14.767413877564124
2025-08-07 10:49:10.790655,77.34935080844544,2.509741922041216,7.054037455724271,14.670431524654884
2025-08-07 11:04:10.790655,76.25260867594771,2.3876735471853623,7.582111959622682,14.75413633281817
2025-08-07 11:19:10.790655,76.411437440716,2.355782563807056,7.369614363385316,14.59220055152873
2025-08-07 11:30:37.154417,73.19557258927304,2.439817191304982,7.222833588016854,15.216764375686813
2025-08-07 11:34:10.790655,77.29193744005583,2.647609300974582,7.181309832564842,16.01229878028474
2025-08-07 11:49:10.790655,78.96194244756775,2.4436126002747294,7.097357532016438,15.069113299334884
2025-08-07 12:04:10.790655,77.23589451112313,2.519577506603284,7.108604804604219,14.560137660523427
2025-08-07 12:19:10.790655,76.97738432064337,2.5498303139711145,7.1488805770175095,15.583288501806695
2025-08-07 12:30:37.154417,72.21458035703522,2.4893361560046965,7.55736988258942,15.288296442767201
2025-08-07 12:34:10.790655,78.14854485518046,2.404101327945186,7.0952701985710815,15.033643429683844
2025-08-07 12:49:10.790655,77.79871649797612,2.4638004410346013,7.225222137755434,15.401093515717985
2025-08-07 13:04:10.790655,78.41108299378128,2.5369731964210764,7.527197216330905,14.20642869586323
2025-08-07 13:19:10.790655,80.13094329982181,2.2615265769076798,7.238179360448584,15.407448242287742
2025-08-07 13:30:37.154417,73.32557507414363,2.6947388391719715,7.027691967810172,14.339843974254844
2025-08-07 13:34:10.790655,78.48506208152024,2.600705957722849,7.390503413359054,14.655295155637578
2025-08-07 13:49:10.790655,78.1836375514882,2.570618320147968,7.088388798973549,14.214754919240843
2025-08-07 14:04:10.790655,78.378487880496,2.439326368077863,7.257762818510507,14.664282742108183
2025-08-07 14:19:10.790655,77.31101870331106,2.6839702400911545,7.312334562905628,15.505642855050297
2025-08-07 14:30:37.154417,70.9984311767327,2.58160913793141,7.368399510202147,15.193536314653263
2025-08-07 14:34:10.790655,80.06495194326355,2.5025730768058305,7.306520092038665,14.785007388199281
2025-08-07 14:49:10.790655,79.23660324903742,2.3269230055000256,7.05527258107296,15.76261466520242
2025-08-07 15:04:10.790655,78.53219588516883,2.47737920004597,7.273105190645124,15.352912180298441
2025-08-07 15:19:10.790655,78.7837248227155,2.434523227901475,7.1182226783777045,15.494068526144959
2025-08-07 15:30:37.154417,72.30097670173863,2.489345871190121,6.825416357374842,15.440486989855309
2025-08-07 15:34:10.790655,80.47620491994577,2.526081742581508,7.608710315797451,14.994684164678034
2025-08-07 15:49:10.790655,80.1523915718271,2.3336432955784487,7.0145206324610765,14.729822960389228
2025-08-07 16:04:10.790655,80.59022147661813,2.6942566323678445,7.227058804382812,14.409570511612218
2025-08-07 16:19:10.790655,80.45213920507479,2.411134327512589,6.994322526157682,15.400381768786001
2025-08-07 16:30:37.154417,71.64499607368485,2.645170476454979,6.880631173244982,15.1241449096204
2025-08-07 16:34:10.790655,78.99841672372331,2.435248206194688,6.968866234215401,15.234395543254035
2025-08-07 16:49:10.790655,79.19182617050375,2.552691978610141,7.319933003485787,14.161160507968807
2025-08-07 17:04:10.790655,79.44795778406636,2.4314801865595124,6.915192364313827,14.109859074137564
2025-08-07 17:19:10.790655,78.84242383064722,2.6863525139305775,7.062544824763768,14.76236700684677
2025-08-07 17:30:37.154417,71.09259358833006,2.5192307142819885,7.24821422789734,14.552132359138291
2025-08-07 17:34:10.790655,81.37247892492827,2.479257763137323,6.9191125590008875,15.258453178378266
2025-08-07 17:49:10.790655,79.18361456533323,2.3038355151661407,7.475759760383907,15.067162308148971
2025-08-07 18:04:10.790655,80.8531335253831,2.3464009243733797,6.856519502734777,15.242457124550418
2025-08-07 18:19:10.790655,80.96058594182145,2.5594883864735234,7.343193830859928,15.268464125672939
2025-08-07 18:30:37.154417,71.73446235268104,2.530117856008354,7.338608669538854,15.367570980066006
2025-08-07 18:34:10.790655,81.97434750038971,2.4965169053976184,7.164784169088217,15.465706821362607
2025-08-07 18:49:10.790655,79.90645045927278,2.56260737810141,6.975548115868209,14.580467350973805
2025-08-07 19:04:10.790655,80.45516322090994,2.4343340402479856,6.916650314146203,14.112861238192753
2025-08-07 19:19:10.790655,82.0113321101924,2.4026592822791177,7.34902201706146,15.14467716977123
2025-08-07 19:30:37.154417,70.09646404257711,2.4914339645431953,6.9017886044052785,15.000220730708135
2025-08-07 19:34:10.790655,80.12209288665001,2.432385752649889,7.324614954649027,15.279347175041716
2025-08-07 19:49:10.790655,81.95552589457796,2.4943066467182247,7.39301753274677,14.869771515960279
2025-08-07 20:04:10.790655,82.15233819480804,2.3335578640422305,6.997292127259966,15.311087199376846
2025-08-07 20:19:10.790655,82.22445055417344,2.5982462259584356,6.83026838098082,15.309176438478072
2025-08-07 20:30:37.154417,71.13217192075734,2.4658511723512846,6.875184493353323,15.26420623597783
2025-08-07 20:34:10.790655,77.81186801258796,2.4953281380381123,7.075462391381699,14.798272077214905
2025-08-07 20:49:10.790655,78.19714306672508,2.6040934116607257,7.1721500529509825,15.948838069886307
2025-08-07 21:04:10.790655,78.73849776004991,2.4685214133216826,7.46446715470476,14.902656621568848
2025-08-07 21:19:10.790655,78.8112642068155,2.5737814266709846,7.3532736767494535,15.847088231696059
2025-08-07 21:30:37.154417,69.62493834345798,2.7163987365338236,7.6719683821396565,14.404565872982616
2025-08-07 21:34:10.790655,78.42757152403568,2.5704037819521828,6.991693439056025,15.77497236506955
2025-08-07 21:49:10.790655,79.81399355969819,2.536437960403183,7.040278190807087,15.22193378016663
2025-08-07 22:04:10.790655,80.04699480330758,2.6862693066411754,7.188140014845948,14.353995137818197
2025-08-07 22:19:10.790655,79.15818943799236,2.4114994748760483,7.150701081198555,14.811713599164879
2025-08-07 22:30:37.154417,68.47254260289006,2.492872408984308,7.144885485148793,14.861278910242804
2025-08-07 22:34:10.790655,77.98258925847578,2.4854796500457494,6.99088603072935,15.234829240709429
2025-08-07 22:49:10.790655,79.23845456160124,2.507120719247239,7.42032777741019,14.700200809070987
2025-08-07 23:04:10.790655,79.13425319754573,2.4668558751553347,7.3598222713698505,15.540139731540863
2025-08-07 23:19:10.790655,77.20523129318858,2.5222738125572333,7.08671995914687,14.24621093221135
2025-08-07 23:30:37.154417,69.11513133416739,2.64152647938506,6.919336689628942,15.463037208044017
2025-08-07 23:34:10.790655,78.71212524038901,2.373901587018773,7.391090561332921,13.803983089347236
2025-08-07 23:49:10.790655,77.74765503589758,2.6371938915381468,7.183482589782964,15.040805964087244
2025-08-08 00:04:10.790655,79.12745216113288,2.4402763722871663,7.0231750659364245,14.65591107895511
2025-08-08 00:19:10.790655,78.23376497545165,2.5711637830929366,7.097025190371719,15.382732147326852
2025-08-08 00:30:37.154417,71.37558023708658,2.271802540556416,7.313844393088614,15.41538373202831
2025-08-08 00:34:10.790655,78.72997500569666,2.6492293329665513,7.318254736311428,15.33363105155802
2025-08-08 00:49:10.790655,77.40790688025996,2.3093054120252385,6.969983087439157,13.695816802830851
2025-08-08 01:04:10.790655,76.50784620363808,2.3157659750545685,7.4128258878411435,14.782353801614024
2025-08-08 01:19:10.790655,78.05435333388718,2.4886079478880747,7.25992364542434,15.13025619134433
2025-08-08 01:30:37.154417,71.63645735115887,2.3937539506977847,7.321606195273912,15.988086808055602
2025-08-08 01:34:10.790655,76.94606479192271,2.4510510283547715,7.226794312274072,15.082180126273688
2025-08-08 01:49:10.790655,76.95935360568652,2.435341370093584,7.075022472923695,15.452218266724605
2025-08-08 02:04:10.790655,76.55933915319059,2.4838892846571223,6.969634738754344,14.513504112069025
2025-08-08 02:19:10.790655,75.47001402313316,2.4072593259732513,7.056032180226098,15.070733285542229
2025-08-08 02:30:37.154417,71.62955009919457,2.55362055456727,7.2363094587140555,15.786102903319813
2025-08-08 02:34:10.790655,76.95050530114958,2.5184484114205756,7.202720421264697,16.22533281629339
2025-08-08 02:49:10.790655,74.44835408232375,2.316443923517494,7.5452861770074175,14.15138034735614
2025-08-08 03:04:10.790655,75.10505401314528,2.4051640752033503,7.109874194755064,14.408341484157416
2025-08-08 03:19:10.790655,76.1260844000645,2.414827415876419,7.324158034783954,15.111893213194133
2025-08-08 03:30:37.154417,70.31958401212665,2.5672792610223083,7.4935250732312095,14.843794093823425
2025-08-08 03:34:10.790655,76.00060631130778,2.549898727473633,7.4539517564982685,13.854761086971983
2025-08-08 03:49:10.790655,74.89755945386422,2.2358984844441734,6.709056816215659,14.137097097946398
2025-08-08 04:04:10.790655,74.93168708180683,2.5119357460582656,7.320198540325177,14.995743118142382
2025-08-08 04:19:10.790655,74.77458294244293,2.500974458938005,6.875372256787992,15.50080973035642
2025-08-08 04:30:37.154417,70.79384704074657,2.551116860999446,7.152997853084154,15.330299897186192
2025-08-08 04:34:10.790655,77.4402836992484,2.477754314089073,7.4599747417060485,15.077087030374173
2025-08-08 04:49:10.790655,77.38014540098881,2.646728680088531,7.186552506933177,14.738384292707389
2025-08-08 05:04:10.790655,74.62443269090744,2.61094536366194,7.1147939061925785,14.754640878796925
2025-08-08 05:19:10.790655,73.74563491930806,2.5452073055289732,7.282535923645741,15.301124523516016
2025-08-08 05:30:37.154417,70.4058765817465,2.4903442917155676,7.376591562276803,14.983064669693013
2025-08-08 05:34:10.790655,74.8271505795504,2.6876740621256423,7.020297865658604,14.559601448718544
2025-08-08 05:49:10.790655,72.89316716375959,2.4995721178206307,6.994649428875787,14.82551861060765
2025-08-08 06:04:10.790655,75.28878307347917,2.480333347656699,7.31754445628228,14.791486646464769
2025-08-08 06:19:10.790655,73.7414807659429,2.644511218888847,7.458110390415723,15.338917215006605
2025-08-08 06:30:37.154417,70.69553447209968,2.5502379883426034,6.8968539099295345,15.24267292292835
2025-08-08 06:34:10.790655,73.51173722014028,2.5798516033534225,7.095885317758229,14.744676366391646
2025-08-08 06:49:10.790655,73.02240197716151,2.5626482960562686,7.3355637630882775,14.986407751883768
2025-08-08 07:04:10.790655,73.46303341877436,2.5346347713967323,7.2780662070255016,14.423030103717464
2025-08-08 07:19:10.790655,75.03911974634302,2.7238660149535745,7.139105470525114,15.092478576944634
2025-08-08 07:30:37.154417,70.4282324764518,2.452242286386858,7.363279344569479,15.327150594956825
2025-08-08 07:34:10.790655,72.71653546474573,2.4925703568049293,7.24982863021145,14.553660622919633
2025-08-08 07:49:10.790655,70.88067203221269,2.578786775573841,7.45335374240365,15.73527286387509
2025-08-08 08:04:10.790655,73.89370844236554,2.5453750370969175,7.184823551746759,14.78280007457411
2025-08-08 08:19:10.790655,71.80890861592903,2.3367274407910954,7.261332287059543,15.710880542706896
2025-08-08 08:30:37.154417,70.38255525709715,2.510396754765242,7.212985898499303,14.894642776228915
2025-08-08 08:34:10.790655,73.6089228385552,2.57618629541721,7.061952483821652,14.894013926156598
2025-08-08 08:49:10.790655,72.81654351923217,2.418155031888033,7.33855681647032,15.566229015941127
2025-08-08 09:04:10.790655,72.62894247507337,2.756737017209847,6.9088408355929465,14.760867133567665
2025-08-08 09:19:10.790655,71.48519802686644,2.4663879128524817,7.079497226971245,14.468210911538613
2025-08-08 09:30:37.154417,69.60858547246625,2.5772558052961143,7.110381121129147,15.394976138863148
2025-08-08 09:34:10.790655,73.04517143668113,2.616394196428894,7.475797691860524,15.236527286209725
2025-08-08 09:49:10.790655,69.5627182266939,2.5496451277288954,7.27596425932425,15.293416574292513
2025-08-08 10:04:10.790655,72.45397553364518,2.4337004911147537,7.11891995143136,15.064546045941585
2025-08-08 10:19:10.790655,70.08600703225149,2.3140157325335826,7.5211625732907725,15.790369844290408
2025-08-08 10:30:37.154417,70.59170412325874,2.4601927036069857,6.589819316046726,14.976613122112392
2025-08-08 10:34:10.790655,72.350055707013,2.5194935279716155,7.3669355146071975,14.690056163473136
2025-08-08 10:49:10.790655,69.94579748148323,2.4627423778926625,6.790149749513876,16.498598542410885
2025-08-08 11:04:10.790655,72.07295103207991,2.411443687374975,7.180071492341194,14.714409243805802
2025-08-08 11:19:10.790655,70.97416603886253,2.4362886216607804,7.140659331069717,15.475886682200633
2025-08-08 11:30:37.154417,69.27782892436716,2.52780324938806,6.972400975107502,15.646873884667842
2025-08-08 11:34:10.790655,70.90187693191443,2.7105673908254087,7.390598818738962,14.420869394683184
2025-08-08 11:49:10.790655,73.40838389140602,2.301963389255889,7.225494662956144,14.121304481363131
2025-08-08 12:04:10.790655,69.63303213837692,2.461143929223108,6.991756139987868,14.895953202235908
2025-08-08 12:19:10.790655,71.02762091142665,2.577187539509241,6.6687302103096515,15.30355727814407
2025-08-08 12:30:37.154417,72.08099289104331,2.478705343918024,7.234082511763447,15.049284306097698
2025-08-08 12:34:10.790655,73.08788315410322,2.404369678684354,7.316654583121505,14.993001570572872
2025-08-08 12:49:10.790655,69.94238649411314,2.482543639756683,7.311681760861652,14.825393111496684
2025-08-08 13:04:10.790655,70.44211572707113,2.61057570136851,7.5144904584944765,15.264209306126567
2025-08-08 13:19:10.790655,71.05628887958282,2.3372965247887176,7.206167490944588,14.139780548594393
2025-08-08 13:30:37.154417,72.41283629976824,2.448865241740703,7.276500908065658,14.73351243535958
2025-08-08 13:34:10.790655,70.21475484306993,2.511385152485681,6.901864506715012,15.342168043723566
2025-08-08 13:49:10.790655,68.71171207826947,2.5450403551363325,7.151352553971985,14.423834727513913
2025-08-08 14:04:10.790655,70.16885851597311,2.630295744438527,7.426360743150037,14.6035180272009
2025-08-08 14:19:10.790655,69.8431347650634,2.3889254938974287,7.325667951747334,14.551860285134671
2025-08-08 14:30:37.154417,71.05335688427192,2.43649654591351,7.493044523308917,14.234010617233167
2025-08-08 14:34:10.790655,69.87166446034813,2.425370860276086,6.90805440207355,15.059600273618594
2025-08-08 14:49:10.790655,69.56473175827402,2.4343560519739285,6.906388831716569,14.705713380014451
2025-08-08 15:04:10.790655,70.86654463761462,2.64597398905025,7.07987640139912,14.99519436564892
2025-08-08 15:19:10.790655,69.59302549066132,2.4499654954023513,6.87707271132229,14.384678044572178
2025-08-08 15:30:37.154417,72.03909305022383,2.46223252882566,7.4108053183482046,14.992543808542159
2025-08-08 15:34:10.790655,69.14472342838017,2.4847795966881345,7.04674342520005,15.32785580184418
2025-08-08 15:49:10.790655,69.89957844991598,2.5481937772248755,7.088708131835881,14.968961928230385
2025-08-08 16:04:10.790655,69.88135493403684,2.3811911818263094,7.478120843843683,15.11778813850815
2025-08-08 16:19:10.790655,70.21160712911404,2.4251822772827643,7.329067460573579,15.540986856109507
2025-08-08 16:30:37.154417,71.47827447978185,2.5293086480002445,7.118608720456986,15.005454681787908
2025-08-08 16:34:10.790655,71.53619820744682,2.7094161919478337,7.22564415210754,15.715229774860893
2025-08-08 16:49:10.790655,69.9032246410532,2.4429058627011373,7.43314872818912,13.715493694941944
2025-08-08 17:04:10.790655,69.42746236672342,2.4593152697344007,6.9235691825147,15.656563134543635
2025-08-08 17:19:10.790655,68.9788564606841,2.559796162960335,7.510915540632115,14.7484247929606
2025-08-08 17:30:37.154417,71.1632493637709,2.4011318279291323,7.445656429322885,14.978940223976545
2025-08-08 17:34:10.790655,70.56443865850493,2.427669743335761,7.4745339141746765,16.165401270052907
2025-08-08 17:49:10.790655,70.1451591570896,2.5219357581404247,7.406429713610132,13.654241884831762
2025-08-08 18:04:10.790655,71.65109233100769,2.8029947280122425,6.884238582919315,15.438767257371499
2025-08-08 18:19:10.790655,70.70329321041737,2.276979522967039,7.460849189001966,14.363095028643604
2025-08-08 18:30:37.154417,72.28901083338393,2.484514335427473,7.900100230637616,14.685511067495883
2025-08-08 18:34:10.790655,69.63746707457206,2.5932391193544237,7.252309852174615,15.138346095467773
2025-08-08 18:49:10.790655,71.66280926692076,2.4619583524072843,7.683658580359233,15.081105820445353
2025-08-08 19:04:10.790655,71.54268929308311,2.546440947757162,7.299233705041449,14.64381215011601
2025-08-08 19:19:10.790655,69.93812251926569,2.484606013343437,7.099616439214031,15.748788314736187
2025-08-08 19:30:37.154417,74.85136951916743,2.3664322531296027,7.459126653481471,15.286592693076095
2025-08-08 19:34:10.790655,72.37106686646086,2.4989901089772886,6.843192061924056,14.753493492662725
2025-08-08 19:49:10.790655,71.27011455461654,2.431411521077945,7.54288424573295,15.89546071685695
2025-08-08 20:04:10.790655,71.37262358842112,2.6333140640967607,7.0162699158017885,14.928159256960683
2025-08-08 20:19:10.790655,73.03036128914486,2.4215506391040162,7.203876782235965,15.290568607109712
2025-08-08 20:30:37.154417,73.40193792043013,2.523254730989075,7.199143356250497,14.602734661164414
2025-08-08 20:34:10.790655,71.90135445180401,2.6886509752645282,7.104119877186746,14.364802890341933
2025-08-08 20:49:10.790655,72.57471703522579,2.443988768981123,7.111885639118873,14.38886875484123
2025-08-08 21:04:10.790655,71.18976484341945,2.5417044676897795,7.11030015784785,15.709367659071047
2025-08-08 21:19:10.790655,71.97786533613684,2.723131457048249,7.289085793004643,14.849011483675833
2025-08-08 21:30:37.154417,74.72683816413239,2.4914033429583617,7.397831196039106,15.55727200342788
2025-08-08 21:34:10.790655,71.41011639201352,2.5491716648986262,7.465845078402343,14.617716909238291
2025-08-08 21:49:10.790655,72.96640134634347,2.3876416051150238,7.387901902162528,14.393308447755329
2025-08-08 22:04:10.790655,70.23518070741316,2.408757303490033,7.174480767434364,15.606559380134875
2025-08-08 22:19:10.790655,71.50900100021231,2.6122502127076577,7.267226587525547,15.125833130280451
2025-08-08 22:30:37.154417,73.77678167364755,2.5856383511405365,7.068038142058102,15.037567692114331
2025-08-08 22:34:10.790655,71.63899628260818,2.48629990624149,7.1342724867513025,15.034452453148036
2025-08-08 22:49:10.790655,73.22574254208948,2.4828319817699662,7.352126132769865,14.474119464567744
2025-08-08 23:04:10.790655,72.17747142512223,2.5500850103590107,7.587850390702764,15.28368065179765
2025-08-08 23:19:10.790655,73.0238708444189,2.2834634164107035,7.046264574079523,14.090930154617206
2025-08-08 23:30:37.154417,74.76027487252384,2.5993369583451758,7.2795650686730555,14.921435147252838
2025-08-08 23:34:10.790655,73.50532017877805,2.46165357668943,7.256758441303815,15.242049069709138
2025-08-08 23:49:10.790655,74.39172286649945,2.361247777676757,7.406758966671263,15.634733572991172
2025-08-09 00:04:10.790655,73.04082076488199,2.6675390430971646,7.215384095119206,14.133549122926894
2025-08-09 00:19:10.790655,75.28299886781438,2.4713162938092634,7.504976480295378,15.679091177302038
2025-08-09 00:34:10.790655,72.82273694629818,2.4398679207291103,6.960145589084193,14.609414777388492
2025-08-09 00:49:10.790655,72.99741720879216,2.4885271096153043,7.212144383288518,14.397156914435556
2025-08-09 01:04:10.790655,75.5857437588293,2.5045524730627147,7.056006628378177,14.852453194688819
2025-08-09 01:19:10.790655,73.45942844195154,2.6949925708995885,6.995901304900822,14.556333883566934
2025-08-09 01:34:10.790655,74.38085919485303,2.488527901650748,6.895410111018198,14.94882952001438
2025-08-09 01:49:10.790655,75.79125126540386,2.4906073966232003,7.040890293564815,15.443288589576973
